{
  "0": {
    "layout_time": 4.0531158447265625e-06,
    "hoa_time": 58.154786109924316,
    "num_states": 68256,
    "strategy_time": 27.081089973449707
  }
}